,true_0,pred_0
0,0.38249373,0.046284012
1,-3.0185869,0.11520281
2,0.50719815,-0.12715405
3,1.0331063,-0.20312446
4,-0.62255496,-0.26294783
5,0.60387856,-0.3123241
6,-0.26522782,0.040403083
7,0.04621165,-0.18232077
8,-0.0017055614,-0.18115279
9,0.51374006,-0.18091339
