,true_1,pred_1
0,-0.6633681,-0.30233398
1,0.2581354,-0.049835347
2,0.14480256,-0.24842352
3,-0.5282844,-0.11134624
4,0.42074862,0.12288361
5,1.1708264,0.15129906
6,-0.023575667,-0.16473982
7,0.46332043,0.019314818
8,-0.62855273,0.01894901
9,0.15300858,0.15024003
