,true_2,pred_2
0,1.1284902,0.09202875
1,0.25208735,0.03250163
2,-0.009333165,-0.18738508
3,0.26407403,-0.22293621
4,1.3142871,0.033945978
5,-0.82539445,-0.16103578
6,-0.6704265,-0.31190655
7,0.79164076,-0.26400486
8,0.4578567,0.03644421
9,-0.846211,-0.12355834
