,true_3,pred_3
0,0.9190609,0.025987841
1,0.8969964,0.020766698
2,-0.16945553,0.02109436
3,-1.34623,0.019084215
4,0.46306077,0.018825635
5,-0.7725525,0.016274117
6,1.0220287,0.01116284
7,-0.69900405,0.009204581
8,-1.6992624,0.041167416
9,0.07325421,0.017037861
