,true_3,pred_3
0,0.8969964,-0.5650938
1,-1.6992624,-1.6495216
2,-1.34623,-0.42758095
3,0.46306077,0.5391194
4,-0.7725525,-1.826804
5,0.9190609,-0.45095593
6,-0.16945553,0.20893553
7,0.07325421,-0.005794093
8,1.0220287,0.69695014
9,-0.69900405,-0.296143
