,true_1,pred_1
0,-0.6633681,-0.07110649
1,0.9844146,0.7987265
2,-0.2945921,0.7988658
3,0.46332043,0.27167004
4,-0.19202769,0.28104675
5,-0.440524,0.36907688
6,0.47456,0.5498016
7,-0.848684,0.28555244
