,true_4,pred_4
0,1.2675385,0.07100405
1,0.09356961,0.023941666
2,-2.1363602,0.01652611
3,1.2017174,-0.037178144
4,-0.6976958,-0.2757544
5,0.18148798,-0.26998103
6,-1.680313,0.02631288
7,-0.51433665,0.0081542805
8,0.114256285,0.048091043
9,-0.596143,-0.054592118
