,true_5,pred_5
0,0.32765564,-0.5009615
1,-0.67974424,-1.3541033
2,0.76737106,0.14374435
3,-0.14206281,-0.11225198
4,0.9372419,0.08990382
5,0.73281413,0.122666016
6,0.32711187,0.35484475
7,0.70111257,0.20164482
8,0.7664348,-0.58263546
9,0.7350423,-0.025265262
