,true_5,pred_5
0,0.76737106,-0.12310232
1,-0.67974424,-0.23250285
2,0.73281413,-0.1793828
3,-0.14206281,0.004400432
4,0.7350423,-0.25179762
5,0.7664348,-0.17967585
6,0.32765564,0.023819707
7,0.32711187,0.025848478
8,0.9372419,0.16819555
9,0.70111257,0.08925821
