,true_6,pred_6
0,0.4950166,0.034971535
1,-0.08915743,0.01625909
2,0.25113812,0.03841023
3,0.8466553,0.030331552
4,0.5290462,0.007982478
5,-2.7718208,0.030074723
6,1.2776964,-0.04417178
7,-0.23094724,0.014541306
8,-0.09482903,0.017390966
9,0.1887506,0.01561366
