,true_7,pred_7
0,-0.1412422,-1.038477
1,-0.067425914,0.5662229
2,-0.8345881,-1.1350374
3,-0.3012654,0.54172856
4,0.8320784,0.78810096
5,0.611684,0.37924045
6,4.4991665,-1.3296441
7,-0.8345881,-0.5427313
8,-0.8345881,-0.1545152
9,0.7711799,1.4549893
