,true_8,pred_8
0,0.6723949,0.10729097
1,-0.43245763,0.13857663
2,0.56607014,0.029675901
3,-1.4778739,-0.24594846
4,-1.312113,0.06666947
5,0.8619302,-0.13340396
6,-0.73624253,0.18996352
7,1.2178868,0.065963656
8,-0.9601188,-0.20484701
9,-2.045159,-0.23255906
