,true_9,pred_9
0,0.62939274,0.56906176
1,0.14997387,1.5690479
2,0.14403382,0.6554748
3,0.1896176,0.2645688
4,0.4814931,0.5713637
5,0.4814931,0.6488286
6,0.45542732,0.38009256
7,0.45167327,0.2235188
8,0.1963557,0.48155075
9,-3.3557208,-0.31668112
