,Task,MAE,,,,,,,,,,,,,Range
0,tk,1.120002728,,,,,,,,,,,,,5.350286292
1,vp,0.266813593,,,,,,,,,,,,,4.805505789
2,vd,0.344283071,,,,,,,,,,,,,3.487590945
3,lipo,1.029744417,,,,,,,,,,,,,4.052517228
4,solubility,0.484530968,,,,,,,,,,,,,4.24547045
5,U,0.376040623,,,,,,,,,,,,,4.697801026
6,D,0.639641997,,,,,,,,,,,,,4.304738737
7,PSA,1.177627034,,,,,,,,,,,,,5.333754598
8,LC50,0.61919568,,,,,,,,,,,,,4.291291861
9,plC50,0.555497136,,,,,,,,,,,,,4.452354114