,Train Split,T1_SRCC_mean,T2_SRCC_mean,T3_SRCC_mean,T4_SRCC_mean,T5_SRCC_mean,T1_SRCC_std,T2_SRCC_std,T3_SRCC_std,T4_SRCC_std,T5_SRCC_std,T1_MAE_mean,T2_MAE_mean,T3_MAE_mean,T4_MAE_mean,T5_MAE_mean,T1_MAE_std,T2_MAE_std,T3_MAE_std,T4_MAE_std,T5_MAE_std
0,0.1,0.7171350000000001,0.730256,0.721084,0.676365,0.6211530000000001,0.004985216645242223,0.0050012502436890755,0.007757365790008874,0.01126643887836792,0.00821293376327851,0.424821,0.391571,0.419024,0.41606699999999996,0.41370500000000004,0.010224132677151635,0.013459780421685939,0.02499776678025459,0.028120805127165194,0.014192893468211475
1,0.2,0.7662950000000001,0.7889959999999999,0.788953,0.752672,0.675333,0.0009651450668163943,0.0007585670702053955,0.0009500215787022972,0.0006630656076136077,0.000635107077586143,0.39669200000000004,0.362521,0.39574299999999996,0.39020099999999996,0.363402,0.00048762280504504034,0.0014084633470559302,0.0025812905686884526,0.002487960811588482,0.00034463894150254864
