,Train Split,T1_SRCC_mean,T2_SRCC_mean,T3_SRCC_mean,T4_SRCC_mean,T5_SRCC_mean,T1_SRCC_std,T2_SRCC_std,T3_SRCC_std,T4_SRCC_std,T5_SRCC_std,T1_MAE_mean,T2_MAE_mean,T3_MAE_mean,T4_MAE_mean,T5_MAE_mean,T1_MAE_std,T2_MAE_std,T3_MAE_std,T4_MAE_std,T5_MAE_std
0,0.1,0.645208,0.6692639999999999,0.6715799999999998,0.6339560000000001,0.5703579999999999,0.0015413552478257594,0.0008399428551990962,0.0001234503948960664,0.0006450767396209484,0.0008188382013560435,0.479839,0.424702,0.43399599999999994,0.435314,0.46111500000000005,0.0002659868417798133,9.846826900073043e-05,0.0003626072255209527,0.0004212647623526103,0.0003474262511670673
1,0.2,0.719435,0.7408230000000001,0.740359,0.706456,0.633344,0.0007390027063550083,0.0005366013417798921,0.0008261531335049269,0.0006180970797536661,0.0008167643478996836,0.416347,0.38308700000000007,0.43037899999999996,0.431633,0.40805800000000003,0.0004115835273671734,0.0008751805528004009,0.0017452131674955931,0.002208827969761329,0.0009433111893749631
