,Train Split,T1_SRCC_mean,T2_SRCC_mean,T3_SRCC_mean,T4_SRCC_mean,T5_SRCC_mean,T1_SRCC_std,T2_SRCC_std,T3_SRCC_std,T4_SRCC_std,T5_SRCC_std,T1_MAE_mean,T2_MAE_mean,T3_MAE_mean,T4_MAE_mean,T5_MAE_mean,T1_MAE_std,T2_MAE_std,T3_MAE_std,T4_MAE_std,T5_MAE_std
0,0.1,0.712156,0.738918,0.735725,0.70887,0.633412,0.0372213670356154,0.0208229185274303,0.0135125565678742,0.0156598754784321,0.0178613900914795,0.381862,0.385479,0.415924,0.498766,0.615868,0.0217007086520233,0.0191159239640672,0.0215142823259341,0.0249658163095061,0.0296982180610218
1,0.2,0.748187,0.772732,0.775613,0.746316,0.681322,0.0215766485117592,0.0151232144731204,0.0179783948393621,0.0169978017402251,0.0226121939669728,0.343308,0.353087,0.38473,0.45324,0.565788,0.0154626400074502,0.0110374798301061,0.00961209342443154,0.013133371996559,0.0184863548597337
2,0.3,0.825213,0.853634,0.857452,0.842811,0.812437,0.0170833076715255,0.0178876164985724,0.0168509482225779,0.0161028807671174,0.0175863100450322,0.280969,0.293156,0.321893,0.389134,0.484151,0.0164923809378755,0.0167940776465991,0.0171362073108375,0.0199021110438064,0.0273353520006602
3,0.4,0.89306,0.913851,0.914102,0.908721,0.886227,0.0168033222905472,0.0103468347333859,0.0103814515362737,0.0105483405803946,0.0132096472700826,0.241362,0.245566,0.269392,0.332456,0.430914,0.0136122560951519,0.0112713630054222,0.0102508066024094,0.0157242578203233,0.0275701977504696
4,0.5,0.921995,0.93647,0.932723,0.924412,0.898998,0.0114019921504972,0.0095770809749109,0.00690922578875521,0.00631572450317461,0.0135397155066124,0.21212,0.220902,0.257971,0.323456,0.4247,0.00924131700570865,0.0101499111326159,0.00921604953328702,0.0117149897140373,0.0171796548277316
5,0.6,0.878589,0.891915,0.890835,0.887498,0.875699,0.0199159265162332,0.0256655283405583,0.0307300664659223,0.0296814409353724,0.0246586530248511,0.252711,0.252816,0.277741,0.331584,0.422894,0.00983696238683466,0.012873764950472,0.018436621409575,0.0240858432279213,0.031738985238977
6,0.7,0.892804,0.910056,0.915417,0.905755,0.879056,0.0156400921992167,0.0135878866642315,0.0103732521901282,0.0083147173734289,0.00957696945802793,0.245091,0.245137,0.264359,0.306667,0.372629,0.0239373801615799,0.0225482398647877,0.0212913097060749,0.0116740507537016,0.00675194705251752
