,Train Split,SRCC_average,SRCC_stdev,MAE_average,MAE_stdev
0,0.1,0.7796559999999999,0.013432211433714092,0.45958,0.020422401915543637
1,0.2,0.814827,0.014092772651256396,0.42002999999999996,0.011349489856376809
2,0.3,0.8795780000000001,0.012876159209950786,0.35386,0.01885670596896499
3,0.4,0.9219470000000001,0.0071503650955737925,0.303937,0.0115147497150394
4,0.5,0.9385049999999999,0.005355567663656202,0.28783000000000003,0.010067558790491364
5,0.6,0.9113969999999998,0.021997810368307127,0.30755,0.018196507357182586
