,true_0,pred_0,true_1,pred_1
0,0.09738005,0.85700923,0.5241718,-1.3786465
1,2.3316994,-0.532732,0.01444011,0.44531244
2,-0.70081484,0.21934454,-0.34281957,-0.4902547
3,0.38249373,0.13325614,-0.5282844,-0.38959962
4,0.318049,0.812211,-0.2945921,0.7274483
5,-3.0185869,-0.99643165,0.46332043,-0.7032685
6,-0.16337112,1.1752955,0.47456,0.1685895
7,-0.22634332,0.53647876,0.15300858,0.90425485
8,0.51374006,0.51944464,0.2370845,-0.10784958
9,-0.36458698,0.7754621,-0.17123464,-0.12657043
