,true_0,pred_0,true_1,pred_1,true_14,pred_14
0,-0.43319306,-0.062312063,0.9844146,-0.026168264,0.6651072,-0.08372985
1,0.04621165,-0.061254103,-2.361715,-0.07344089,0.009346245,-0.059066564
2,0.2558775,-0.043667227,0.2370845,-0.067975685,-0.037384976,-0.051990367
3,1.1455094,-0.025069002,0.25191388,-0.050398964,0.8027611,-0.05573202
4,0.15386772,-0.059282783,0.68448997,-0.038497344,-0.52247536,-0.071287446
