,true_0,pred_0,true_2,pred_2
0,1.7872335,-0.09402357,0.49411356,0.7301544
1,-0.484418,0.016645327,-1.581556,-0.43654498
2,0.2558775,0.53645074,-2.0341609,-0.37301084
3,0.09738005,-0.08814776,-0.47249097,0.5025353
4,0.029368978,-0.1543335,0.07144085,-0.58511496
5,1.1455094,-0.3864461,0.6544925,0.038341906
6,-0.6600197,-0.34230363,1.4534302,-0.41860196
7,1.6596574,1.1833632,1.1284902,-1.1578908
8,-0.20763524,0.17274186,0.25424996,0.6821982
9,0.24917547,-0.5209097,-0.48038125,-1.0582978
