,true_0,pred_0,true_2,pred_2,true_14,pred_14
0,-0.6600197,-0.13231707,-0.47249097,-0.13145757,-1.0471858,-0.13552889
1,0.38249373,-0.12966292,-1.6496618,-0.10212448,-0.25681853,-0.14264144
2,0.029368978,-0.106274724,0.49411356,-0.13219771,0.21354131,-0.12955871
3,-0.05370098,-0.088696316,-1.3677254,-0.09936555,0.26078057,-0.116859496
4,-0.17073962,-0.108447395,-0.009333166,-0.10449909,0.35881445,-0.12807405
