,true_0,pred_0,true_3,pred_3,true_14,pred_14
0,0.38249373,-0.0031889267,1.1323513,-0.0044176728,1.0582589,0.0025593787
1,0.10496243,0.011074908,0.74989957,-0.0074890777,0.091633774,-0.0053402707
2,0.51374006,0.009491272,0.8455125,-0.005117096,0.3359569,0.00039784238
3,0.60387856,0.0005170703,-0.18416521,-0.014545146,-1.6643425,-0.008381002
4,-0.22634332,-0.0067804903,-0.55190724,-0.0073384643,0.20338234,-0.015679322
