,true_0,pred_0,true_3,pred_3
0,-0.015347066,0.18096405,0.33067364,0.320258
1,0.318049,0.12426916,0.8455125,-0.20211786
2,-0.20763524,-0.14297184,0.3380285,-0.32669377
3,1.1455094,-0.33169585,0.014415488,-0.336221
4,-0.6713046,0.3024539,0.07325421,0.7773591
5,-0.85780954,0.07111579,-0.55190724,-1.1762407
6,-0.17073962,0.26840615,0.03648001,0.099352844
7,0.60387856,0.15450977,-2.1111336,-0.5324943
8,0.15386772,-0.22531176,1.6030611,0.029690735
9,2.0296395,-0.13180074,0.087963894,0.20643896
