,true_0,pred_0,true_4,pred_4
0,0.09738005,-0.2246601,-1.8777767,-0.37429345
1,1.6596574,0.27278414,0.32253352,0.15787147
2,-0.85780954,0.33850756,0.18148798,-0.8587823
3,0.2558775,0.24846801,0.785633,0.5546633
4,-0.0017055614,0.5071227,-0.2825518,0.73284173
5,-0.56881213,-0.3194156,0.3742502,-0.8773174
6,0.73577833,0.34324226,0.7127595,-0.37721127
7,1.7872335,0.413425,0.30372745,1.4507428
8,0.10496243,-0.26772368,0.114256285,0.23971044
9,-0.36458698,0.52642554,1.3427628,0.46506906
