,true_0,pred_0,true_5,pred_5,true_7,pred_7
0,0.27432176,-0.014328103,-1.6604288,-0.030630985,0.2789834,-0.010164043
1,-0.43319306,-0.06970046,0.29821298,-0.086831555,-0.8345881,-0.020135045
2,0.73577833,-0.045158207,0.70111257,-0.05737724,1.149752,-0.041817676
3,-0.16337112,-0.036526505,-0.106479,-0.041590173,-0.38457236,-0.06273539
4,0.10496243,-0.07987231,-1.6269356,-0.039874725,2.2113886,-0.022939373
