,true_4,pred_4,true_6,pred_6
0,-0.36858958,-0.24007073,-2.30675,-1.1760048
1,0.45887753,-0.13565181,0.38725632,-0.34187704
2,0.32253352,-1.306446,-0.08915743,-0.5421867
3,0.07335308,0.5464281,0.37024155,-1.0907755
4,0.785633,-0.04879323,1.3967998,-0.002069842
5,-0.67418826,-0.92383325,0.4950166,-0.9713143
6,-0.67183745,-0.09632198,0.6368064,0.048346788
7,-0.8011292,0.24310867,0.3475552,-0.32105055
8,0.93843234,0.9051451,-0.888852,-0.19393435
9,0.65163976,-0.18560037,0.642478,0.3936035
