,true_7,pred_7,true_9,pred_9
0,0.5750395,1.5407357,-0.42715982,0.7815651
1,-0.8345881,-0.15975922,-0.10177182,-0.1279053
2,-0.34792784,0.24561916,-2.9595163,-1.953147
3,-0.8345881,-1.2655737,-0.256166,0.71855944
4,0.6997363,1.2918437,0.29923716,-0.21738683
5,-0.34792784,0.29600546,0.1896176,-0.23085648
6,1.149752,0.54953927,0.62939274,0.52983665
7,-0.38457236,0.23563236,0.4814931,0.6933852
8,-0.8345881,0.27380425,-0.16754763,0.118786156
9,-0.20741324,0.6701804,0.1963557,0.52631235
